epoch,time,train/box_loss,train/seg_loss,train/cls_loss,train/dfl_loss,train/sem_loss,metrics/precision(B),metrics/recall(B),metrics/mAP50(B),metrics/mAP50-95(B),metrics/precision(M),metrics/recall(M),metrics/mAP50(M),metrics/mAP50-95(M),val/box_loss,val/seg_loss,val/cls_loss,val/dfl_loss,val/sem_loss,lr/pg0,lr/pg1,lr/pg2
1,95.7754,0.95061,1.16417,1.94776,0.00842,1.94302,0.61943,0.6286,0.66197,0.52003,0.61664,0.62979,0.66337,0.54146,0.85026,0.66937,1.31224,0.01573,0,0.000331502,0.000331502,0.0671813
2,162.397,0.82552,0.88969,1.09369,0.00749,0.86349,0.74421,0.72322,0.80078,0.6578,0.74659,0.72555,0.80169,0.67033,0.66618,0.62303,0.9823,0.01155,0,0.000664795,0.000664795,0.0341813
3,228.074,0.76631,0.80555,0.89519,0.00686,0.67607,0.72648,0.72581,0.79874,0.66396,0.72045,0.72006,0.7887,0.66257,0.66535,0.7386,0.71649,0.01198,0,0.000997925,0.000997925,0.00118107
4,293.809,0.76575,0.77465,0.83212,0.00714,0.68418,0.81668,0.73941,0.85265,0.74515,0.81299,0.73654,0.84769,0.72696,0.49698,0.62969,0.70627,0.00833,0,0.00099945,0.00099945,0.00099945
5,360.287,0.72444,0.81902,0.77516,0.00657,0.59723,0.80145,0.8233,0.87848,0.74171,0.80692,0.81179,0.87286,0.73064,0.60816,0.62753,0.59906,0.01075,0,0.000999023,0.000999023,0.000999023
6,426.313,0.7301,0.71316,0.72605,0.00645,0.58911,0.79773,0.86592,0.87333,0.73112,0.786,0.85388,0.86256,0.72087,0.61607,0.45268,0.59265,0.01131,0,0.000998474,0.000998474,0.000998474
7,499.098,0.6829,0.71571,0.71401,0.00609,0.57282,0.80099,0.83595,0.89039,0.79551,0.79793,0.82555,0.87871,0.76178,0.45717,0.60792,0.56245,0.00793,0,0.000997803,0.000997803,0.000997803
8,567.153,0.6879,0.71161,0.68021,0.00598,0.51738,0.80436,0.85614,0.88326,0.75513,0.80222,0.84942,0.87148,0.75391,0.57425,0.59071,0.56282,0.01027,0,0.000997011,0.000997011,0.000997011
9,635.786,0.68966,0.66787,0.66362,0.00607,0.51447,0.88436,0.84019,0.91211,0.81767,0.87781,0.83444,0.9057,0.77977,0.46547,0.59765,0.41705,0.00777,0,0.000996097,0.000996097,0.000996097
10,705.583,0.66579,0.67873,0.63397,0.00583,0.5199,0.84078,0.83677,0.88749,0.7691,0.83889,0.83334,0.89015,0.74482,0.57047,0.56032,0.53315,0.009,0,0.000995062,0.000995062,0.000995062
11,774.045,0.66772,0.67263,0.60406,0.00576,0.46852,0.84165,0.86208,0.89895,0.78177,0.82703,0.84771,0.87517,0.74032,0.50561,0.55376,0.49219,0.00877,0,0.000993906,0.000993906,0.000993906
12,842.53,0.66834,0.65149,0.58729,0.0059,0.46226,0.80709,0.89205,0.91256,0.79338,0.80045,0.88343,0.90122,0.78519,0.52361,0.39912,0.46594,0.00858,0,0.000992629,0.000992629,0.000992629
13,911.327,0.65589,0.6744,0.57311,0.00585,0.46675,0.88545,0.86139,0.9216,0.78873,0.86498,0.84813,0.90639,0.76915,0.61645,0.58739,0.46875,0.01099,0,0.000991232,0.000991232,0.000991232
14,979.72,0.65368,0.66936,0.57595,0.00593,0.41584,0.85146,0.86598,0.92037,0.81017,0.83001,0.85879,0.90436,0.77558,0.50451,0.60658,0.42507,0.00881,0,0.000989715,0.000989715,0.000989715
15,1047.18,0.64239,0.59647,0.58287,0.00548,0.46862,0.7725,0.80565,0.78024,0.67131,0.76286,0.80874,0.77461,0.65458,0.58262,0.62671,0.83316,0.01117,0,0.000988079,0.000988079,0.000988079
16,1116.29,0.64149,0.63788,0.54941,0.00555,0.46633,0.834,0.82692,0.90087,0.77273,0.83182,0.79449,0.88334,0.74376,0.63805,0.97387,0.61491,0.01302,0,0.000986323,0.000986323,0.000986323
17,1186.18,0.61519,0.61215,0.53294,0.00532,0.3908,0.82884,0.89821,0.9127,0.82094,0.8199,0.88097,0.90122,0.7731,0.46364,0.62502,0.37914,0.0076,0,0.000984449,0.000984449,0.000984449
18,1252.12,0.62256,0.63446,0.52498,0.00537,0.36391,0.87444,0.86208,0.92064,0.83046,0.86645,0.85634,0.91311,0.79857,0.47181,0.53798,0.42132,0.00854,0,0.000982456,0.000982456,0.000982456
19,1320.66,0.61397,0.65194,0.52349,0.0053,0.39117,0.89761,0.85564,0.93001,0.84688,0.89192,0.84416,0.92091,0.79052,0.41659,0.51354,0.4044,0.00692,0,0.000980345,0.000980345,0.000980345
20,1389.37,0.61658,0.61595,0.51521,0.0052,0.37775,0.88023,0.87331,0.92586,0.84083,0.86548,0.85894,0.91068,0.8096,0.42847,0.60593,0.3676,0.00753,0,0.000978118,0.000978118,0.000978118
21,1457.36,0.60832,0.63562,0.50715,0.00521,0.35097,0.86588,0.89095,0.92813,0.84761,0.85477,0.87946,0.91338,0.79357,0.38651,0.49661,0.3372,0.00636,0,0.000975773,0.000975773,0.000975773
22,1524.08,0.59469,0.59972,0.51827,0.00511,0.40398,0.83072,0.8915,0.91911,0.83547,0.81761,0.88491,0.90555,0.79312,0.42688,0.47113,0.36042,0.00666,0,0.000973312,0.000973312,0.000973312
23,1591.17,0.6156,0.60617,0.49647,0.00521,0.35323,0.90395,0.87638,0.92559,0.83464,0.89307,0.86487,0.91145,0.78922,0.45116,0.35974,0.38196,0.00778,0,0.000970736,0.000970736,0.000970736
24,1658.38,0.5913,0.59571,0.48065,0.0051,0.39214,0.87641,0.90282,0.9278,0.84489,0.86337,0.88809,0.91088,0.78131,0.42043,0.42384,0.35118,0.00695,0,0.000968045,0.000968045,0.000968045
25,1723.45,0.58806,0.57419,0.46989,0.00502,0.35936,0.88777,0.87232,0.91975,0.83905,0.87445,0.86048,0.90382,0.78625,0.42149,0.63062,0.41659,0.00702,0,0.000965239,0.000965239,0.000965239
26,1790.59,0.58322,0.58874,0.47017,0.00504,0.34304,0.89451,0.90149,0.92961,0.83179,0.8817,0.89103,0.91769,0.80167,0.46362,0.40404,0.37297,0.00793,0,0.00096232,0.00096232,0.00096232
27,1857.64,0.59764,0.6037,0.47299,0.00516,0.3301,0.85674,0.91398,0.93126,0.85579,0.84407,0.89961,0.91619,0.80157,0.40989,0.42972,0.33356,0.00674,0,0.000959289,0.000959289,0.000959289
28,1925.64,0.57361,0.58731,0.45773,0.00487,0.33903,0.91226,0.84826,0.93816,0.85312,0.90627,0.84252,0.92773,0.79154,0.41392,0.58499,0.35155,0.0069,0,0.000956145,0.000956145,0.000956145
29,1993.2,0.57794,0.57952,0.45468,0.00482,0.31953,0.86581,0.9175,0.93606,0.86448,0.89677,0.88069,0.92626,0.80709,0.38811,0.56684,0.34431,0.00597,0,0.000952889,0.000952889,0.000952889
30,2059.15,0.57222,0.56965,0.43403,0.00478,0.31094,0.88938,0.88362,0.93373,0.84911,0.88265,0.87785,0.92434,0.8017,0.4351,0.48983,0.33401,0.00763,0,0.000949524,0.000949524,0.000949524
31,2125.78,0.56846,0.53585,0.43467,0.00478,0.33596,0.89619,0.90368,0.94203,0.86902,0.88596,0.89204,0.93256,0.81359,0.37916,0.54137,0.31674,0.00618,0,0.000946048,0.000946048,0.000946048
32,2191.99,0.56531,0.58612,0.44243,0.00469,0.31347,0.8738,0.90707,0.93664,0.86026,0.86326,0.89567,0.92761,0.8106,0.40525,0.46806,0.33718,0.00669,0,0.000942464,0.000942464,0.000942464
33,2258.33,0.57445,0.5966,0.43138,0.00494,0.30677,0.92237,0.89909,0.9378,0.85966,0.91415,0.89046,0.92787,0.80159,0.41439,0.54886,0.32775,0.00688,0,0.000938772,0.000938772,0.000938772
34,2323.24,0.56725,0.57912,0.44542,0.0047,0.32162,0.88902,0.85178,0.91921,0.84569,0.8772,0.84337,0.90976,0.78792,0.4254,0.48022,0.40602,0.00745,0,0.000934973,0.000934973,0.000934973
35,2389.75,0.57981,0.61736,0.44609,0.00486,0.34287,0.87911,0.88355,0.93514,0.86314,0.88924,0.8697,0.92909,0.82049,0.38544,0.47407,0.34941,0.00614,0,0.000931067,0.000931067,0.000931067
36,2456.9,0.57378,0.55175,0.42624,0.00487,0.35352,0.90715,0.90012,0.94637,0.87146,0.89506,0.8915,0.93615,0.817,0.37078,0.49115,0.30703,0.00624,0,0.000927057,0.000927057,0.000927057
37,2524,0.55732,0.54705,0.42144,0.00462,0.33094,0.89921,0.89547,0.93426,0.8567,0.88834,0.88452,0.92387,0.81103,0.40907,0.46889,0.37087,0.00695,0,0.000922942,0.000922942,0.000922942
38,2590.55,0.56618,0.57324,0.42284,0.00462,0.2918,0.89578,0.90655,0.93264,0.86445,0.88699,0.89793,0.9221,0.8102,0.37081,0.45174,0.34661,0.00603,0,0.000918725,0.000918725,0.000918725
39,2657.56,0.54935,0.57323,0.40696,0.00478,0.27579,0.87411,0.92306,0.93654,0.86442,0.86414,0.91211,0.92263,0.79442,0.38987,0.57097,0.30701,0.00632,0,0.000914405,0.000914405,0.000914405
40,2722.51,0.54637,0.58098,0.41009,0.00458,0.27985,0.90142,0.91517,0.92652,0.87033,0.89868,0.9123,0.92136,0.80237,0.34026,0.4688,0.33083,0.00558,0,0.000909984,0.000909984,0.000909984
41,2789,0.55711,0.53934,0.41199,0.00473,0.29217,0.88894,0.91732,0.94256,0.86778,0.87904,0.9051,0.92893,0.80891,0.38702,0.56393,0.31256,0.0066,0,0.000905463,0.000905463,0.000905463
42,2853.81,0.54803,0.52004,0.41076,0.00468,0.27098,0.91401,0.88828,0.93496,0.86532,0.9054,0.88025,0.92774,0.80502,0.3585,0.45107,0.31689,0.006,0,0.000900844,0.000900844,0.000900844
43,2918.94,0.55077,0.57904,0.40383,0.00453,0.29131,0.89957,0.8802,0.93519,0.86825,0.89073,0.87158,0.92511,0.80945,0.33523,0.47009,0.31988,0.00546,0,0.000896127,0.000896127,0.000896127
44,2984.37,0.5403,0.56244,0.3928,0.00443,0.2676,0.90488,0.90407,0.95073,0.88517,0.92586,0.86843,0.93659,0.8289,0.37876,0.49802,0.30707,0.00646,0,0.000891313,0.000891313,0.000891313
45,3049.99,0.54305,0.55033,0.39922,0.00435,0.28381,0.89474,0.90944,0.94567,0.8851,0.9113,0.88123,0.93395,0.82192,0.36379,0.49072,0.29636,0.00571,0,0.000886404,0.000886404,0.000886404
46,3115.52,0.54425,0.55065,0.38918,0.00441,0.28052,0.90126,0.91598,0.94186,0.87065,0.89182,0.90412,0.92828,0.8028,0.37676,0.60478,0.2878,0.00611,0,0.000881401,0.000881401,0.000881401
47,3181.27,0.53241,0.52923,0.39119,0.00437,0.2862,0.89549,0.90886,0.94767,0.893,0.8902,0.89657,0.93518,0.83331,0.32809,0.39285,0.2853,0.00521,0,0.000876305,0.000876305,0.000876305
48,3247.91,0.54023,0.55292,0.39224,0.00445,0.26708,0.87041,0.9144,0.94271,0.88381,0.85884,0.90756,0.93143,0.81629,0.34492,0.49865,0.30826,0.00547,0,0.000871117,0.000871117,0.000871117
49,3313.95,0.53125,0.53235,0.3745,0.00428,0.2763,0.8803,0.91284,0.93613,0.86824,0.87052,0.90631,0.92304,0.80212,0.34294,0.50158,0.31395,0.0054,0,0.000865839,0.000865839,0.000865839
50,3380.73,0.55249,0.53038,0.40389,0.00454,0.29511,0.92207,0.89205,0.94142,0.87834,0.91485,0.87908,0.92323,0.81147,0.35857,0.50133,0.30001,0.00587,0,0.000860473,0.000860473,0.000860473
51,3446.48,0.54085,0.51648,0.37901,0.00429,0.27886,0.91855,0.90854,0.94745,0.88299,0.90958,0.90019,0.93839,0.8085,0.33944,0.60193,0.26561,0.00526,0,0.000855018,0.000855018,0.000855018
52,3511.84,0.53706,0.5582,0.39335,0.00431,0.27843,0.8991,0.92744,0.93803,0.87673,0.88888,0.91594,0.92688,0.81542,0.32871,0.50834,0.30179,0.00519,0,0.000849477,0.000849477,0.000849477
53,3577.96,0.53771,0.55437,0.39075,0.00448,0.2528,0.89986,0.91627,0.94642,0.88427,0.89326,0.8973,0.93502,0.82344,0.35602,0.52837,0.28877,0.00567,0,0.000843851,0.000843851,0.000843851
54,3644.81,0.52456,0.51038,0.36571,0.00423,0.24593,0.87729,0.93202,0.94651,0.88262,0.86712,0.92107,0.93278,0.82857,0.34203,0.50584,0.28999,0.00547,0,0.000838141,0.000838141,0.000838141
55,3711.77,0.51981,0.52691,0.36726,0.00416,0.24882,0.92031,0.91736,0.9465,0.88918,0.90998,0.90354,0.93381,0.81809,0.31236,0.51197,0.28654,0.0048,0,0.000832349,0.000832349,0.000832349
56,3777.11,0.51793,0.53748,0.37206,0.00424,0.26978,0.89316,0.92492,0.946,0.87581,0.88498,0.91654,0.93434,0.82799,0.37695,0.50574,0.29381,0.00665,0,0.000826477,0.000826477,0.000826477
57,3842.33,0.52521,0.52586,0.37842,0.00446,0.30497,0.89924,0.8967,0.93958,0.87147,0.88635,0.8852,0.92605,0.80791,0.35323,0.59288,0.30689,0.00599,0,0.000820525,0.000820525,0.000820525
58,3907.82,0.53695,0.536,0.38005,0.00439,0.26812,0.88573,0.92534,0.92445,0.8637,0.87976,0.91994,0.91771,0.79899,0.34832,0.60019,0.30967,0.00564,0,0.000814495,0.000814495,0.000814495
59,3974.51,0.5188,0.47578,0.36537,0.00428,0.24049,0.88821,0.93272,0.94598,0.88475,0.87828,0.92125,0.93289,0.81498,0.31465,0.4856,0.27553,0.00518,0,0.000808389,0.000808389,0.000808389
60,4039.87,0.50593,0.48145,0.36491,0.00399,0.23965,0.89688,0.90752,0.93886,0.87804,0.90821,0.88733,0.9312,0.80607,0.33663,0.41839,0.28882,0.00565,0,0.000802208,0.000802208,0.000802208
61,4104,0.50845,0.5141,0.35317,0.00407,0.23456,0.89357,0.94336,0.94964,0.8906,0.88722,0.92871,0.9395,0.81813,0.3369,0.41459,0.26498,0.00547,0,0.000795954,0.000795954,0.000795954
62,4170.49,0.50028,0.51798,0.3425,0.004,0.22143,0.89576,0.92366,0.94409,0.89299,0.89024,0.91736,0.93596,0.81543,0.31868,0.57622,0.28417,0.00501,0,0.000789628,0.000789628,0.000789628
63,4236.57,0.50547,0.47487,0.34263,0.00411,0.24387,0.90476,0.93075,0.95002,0.88802,0.89436,0.91941,0.93751,0.81759,0.34496,0.465,0.29618,0.0057,0,0.000783231,0.000783231,0.000783231
64,4303.85,0.50503,0.5004,0.36868,0.00415,0.29249,0.88064,0.94987,0.95292,0.89172,0.87346,0.92845,0.93979,0.82739,0.3219,0.53669,0.28646,0.00517,0,0.000776766,0.000776766,0.000776766
65,4369.5,0.49271,0.53591,0.34151,0.00391,0.22748,0.89167,0.9328,0.94643,0.88795,0.8792,0.91984,0.935,0.81798,0.32836,0.4666,0.29172,0.00493,0,0.000770234,0.000770234,0.000770234
66,4434.28,0.49149,0.4865,0.33843,0.00398,0.23953,0.89423,0.94336,0.94546,0.88532,0.88674,0.93474,0.93514,0.81641,0.3306,0.48636,0.26372,0.00536,0,0.000763637,0.000763637,0.000763637
67,4499.94,0.49554,0.50149,0.34099,0.00398,0.22395,0.90831,0.92948,0.94714,0.88898,0.89649,0.91131,0.93362,0.82864,0.31331,0.48013,0.25796,0.00492,0,0.000756976,0.000756976,0.000756976
68,4567.99,0.49845,0.4824,0.33537,0.00391,0.24605,0.90838,0.93901,0.94593,0.88613,0.90221,0.9242,0.93822,0.81916,0.32436,0.67028,0.25317,0.00506,0,0.000750252,0.000750252,0.000750252
69,4633.58,0.493,0.50398,0.32805,0.0039,0.22231,0.91822,0.9048,0.95329,0.89854,0.90667,0.89331,0.93966,0.83932,0.30375,0.49274,0.23839,0.00458,0,0.000743468,0.000743468,0.000743468
70,4699.57,0.49539,0.47965,0.33786,0.00393,0.24956,0.91825,0.91636,0.94849,0.89441,0.91054,0.90692,0.93986,0.82577,0.32399,0.49302,0.26421,0.00527,0,0.000736625,0.000736625,0.000736625
71,4765.03,0.49064,0.46471,0.32502,0.00402,0.24913,0.90259,0.93761,0.9476,0.8957,0.89703,0.93132,0.94443,0.83,0.29811,0.66148,0.24093,0.00482,0,0.000729725,0.000729725,0.000729725
72,4831.51,0.48861,0.47938,0.33028,0.00396,0.22939,0.91279,0.92138,0.93779,0.88552,0.90462,0.91276,0.9325,0.8164,0.30983,0.64859,0.28243,0.00484,0,0.00072277,0.00072277,0.00072277
73,4897.44,0.4842,0.47126,0.33182,0.00394,0.22843,0.92116,0.92401,0.95473,0.90205,0.91281,0.91539,0.94673,0.83953,0.30153,0.48547,0.2301,0.00484,0,0.000715761,0.000715761,0.000715761
74,4961.36,0.48334,0.50044,0.33327,0.00388,0.22513,0.90952,0.93423,0.9483,0.89632,0.90146,0.9256,0.93894,0.83408,0.2849,0.50393,0.26423,0.00447,0,0.0007087,0.0007087,0.0007087
75,5027.47,0.48109,0.51651,0.3405,0.00391,0.2136,0.89556,0.93348,0.94482,0.89374,0.88315,0.91798,0.92878,0.81804,0.29535,0.59904,0.26609,0.00449,0,0.000701588,0.000701588,0.000701588
76,5093.42,0.47885,0.45675,0.32342,0.00375,0.21318,0.9073,0.92919,0.94313,0.8877,0.91067,0.9012,0.93124,0.812,0.31899,0.66298,0.2612,0.00496,0,0.000694428,0.000694428,0.000694428
77,5159.05,0.46483,0.48095,0.31399,0.00382,0.20128,0.9086,0.93348,0.93997,0.88255,0.90292,0.92719,0.93209,0.81163,0.30759,0.40814,0.26281,0.00461,0,0.000687222,0.000687222,0.000687222
78,5223.85,0.47765,0.47844,0.30891,0.00404,0.19676,0.90821,0.91449,0.94395,0.89839,0.90481,0.91052,0.9407,0.82768,0.29948,0.68172,0.26867,0.00466,0,0.00067997,0.00067997,0.00067997
79,5290.04,0.47107,0.50947,0.31764,0.00378,0.20501,0.89864,0.92181,0.94517,0.89402,0.89002,0.91054,0.93326,0.82203,0.27423,0.60377,0.27964,0.00416,0,0.000672675,0.000672675,0.000672675
80,5356.26,0.47764,0.47575,0.32549,0.00391,0.21626,0.88213,0.92967,0.93994,0.89463,0.87369,0.91754,0.9352,0.81821,0.27981,0.59115,0.29204,0.00426,0,0.000665339,0.000665339,0.000665339
81,5421.71,0.48947,0.485,0.33604,0.00389,0.24122,0.89928,0.95616,0.94935,0.89753,0.90546,0.92981,0.93878,0.82603,0.27655,0.56668,0.24368,0.00406,0,0.000657963,0.000657963,0.000657963
82,5488.17,0.4811,0.48185,0.32337,0.00372,0.19533,0.91973,0.89869,0.939,0.89275,0.90993,0.89725,0.93244,0.82327,0.27264,0.73051,0.26214,0.00428,0,0.00065055,0.00065055,0.00065055
83,5555.18,0.46568,0.48466,0.31193,0.00374,0.19052,0.90485,0.92482,0.93843,0.89185,0.89906,0.91853,0.92988,0.8184,0.27567,0.5358,0.26305,0.00438,0,0.000643101,0.000643101,0.000643101
84,5619.07,0.46263,0.46664,0.30796,0.00359,0.20156,0.91048,0.91338,0.93823,0.89004,0.90467,0.90709,0.92995,0.81312,0.29101,0.54473,0.28141,0.0046,0,0.000635617,0.000635617,0.000635617
85,5682.61,0.47243,0.45296,0.31498,0.00373,0.20694,0.91056,0.93583,0.95024,0.90284,0.90486,0.92954,0.94676,0.83508,0.27095,0.65758,0.23669,0.00398,0,0.000628101,0.000628101,0.000628101
86,5747.51,0.45091,0.43638,0.29546,0.00356,0.19577,0.91012,0.93488,0.95324,0.90675,0.89708,0.9206,0.93987,0.82909,0.27047,0.49277,0.24965,0.00398,0,0.000620555,0.000620555,0.000620555
87,5814.32,0.46678,0.47272,0.30317,0.00366,0.17823,0.91934,0.92497,0.94457,0.89836,0.91346,0.91867,0.93878,0.82419,0.26699,0.44981,0.26584,0.00391,0,0.000612981,0.000612981,0.000612981
88,5879.71,0.46965,0.44966,0.30914,0.00372,0.19513,0.92074,0.90508,0.94312,0.89528,0.88577,0.93327,0.93747,0.823,0.27544,0.41794,0.26739,0.00407,0,0.00060538,0.00060538,0.00060538
89,5946.85,0.45964,0.4415,0.298,0.0036,0.18597,0.90906,0.92161,0.94632,0.9041,0.90301,0.91538,0.94306,0.83244,0.26527,0.52614,0.27589,0.004,0,0.000597754,0.000597754,0.000597754
90,6011.99,0.45694,0.44672,0.29753,0.00363,0.18759,0.91849,0.92965,0.94568,0.89901,0.90232,0.93112,0.93815,0.82239,0.27387,0.55148,0.25233,0.00424,0,0.000590105,0.000590105,0.000590105
91,6077.58,0.45691,0.45885,0.30464,0.00359,0.20666,0.91987,0.91736,0.94466,0.8977,0.91409,0.91107,0.93725,0.81875,0.26783,0.67736,0.26747,0.00396,0,0.000582435,0.000582435,0.000582435
92,6145.63,0.45816,0.46895,0.31436,0.00362,0.20339,0.90389,0.93896,0.94548,0.89525,0.89839,0.93266,0.93875,0.82426,0.28681,0.49926,0.26221,0.00431,0,0.000574746,0.000574746,0.000574746
93,6211.32,0.45887,0.42878,0.3084,0.00354,0.2068,0.90007,0.93296,0.9451,0.89871,0.8967,0.92899,0.93991,0.82887,0.27532,0.48649,0.2631,0.00425,0,0.00056704,0.00056704,0.00056704
94,6276.5,0.45919,0.45312,0.29935,0.00352,0.19414,0.91835,0.93593,0.95358,0.90549,0.9099,0.92474,0.94346,0.82976,0.26366,0.52088,0.23062,0.00383,0,0.000559318,0.000559318,0.000559318
95,6342.18,0.45011,0.43593,0.29136,0.00341,0.18386,0.92489,0.91739,0.94207,0.89293,0.91901,0.91136,0.93432,0.82424,0.26142,0.41431,0.26659,0.00388,0,0.000551584,0.000551584,0.000551584
96,6408.84,0.43659,0.41943,0.28481,0.00346,0.20458,0.90199,0.92597,0.9467,0.90415,0.8959,0.91984,0.93768,0.83432,0.27588,0.58065,0.2679,0.00415,0,0.000543837,0.000543837,0.000543837
97,6475.29,0.44198,0.45711,0.28804,0.00339,0.19711,0.91536,0.91394,0.94662,0.90662,0.90612,0.90477,0.93729,0.83162,0.24377,0.51527,0.26461,0.00351,0,0.000536081,0.000536081,0.000536081
98,6541.04,0.42817,0.42137,0.28587,0.00344,0.18582,0.90555,0.90942,0.94592,0.902,0.89947,0.90313,0.93599,0.82657,0.26059,0.51574,0.23772,0.00383,0,0.000528318,0.000528318,0.000528318
99,6605.6,0.45041,0.44808,0.29056,0.00352,0.1896,0.92137,0.93505,0.94956,0.90358,0.91285,0.92588,0.94042,0.83355,0.26384,0.59961,0.24989,0.00391,0,0.000520548,0.000520548,0.000520548
100,6671.88,0.44659,0.43249,0.27742,0.00351,0.18221,0.90678,0.92776,0.94792,0.89967,0.90116,0.92146,0.93665,0.8234,0.26329,0.51096,0.24079,0.00399,0,0.000512775,0.000512775,0.000512775
101,6736.1,0.4358,0.40572,0.27404,0.00341,0.16438,0.9105,0.92932,0.94272,0.89885,0.90492,0.92018,0.93125,0.82437,0.25686,0.53479,0.26365,0.00388,0,0.000505,0.000505,0.000505
102,6801.38,0.4464,0.45673,0.28253,0.00338,0.17639,0.9045,0.92092,0.94184,0.896,0.90094,0.9175,0.93646,0.8283,0.24991,0.67866,0.273,0.00387,0,0.000497225,0.000497225,0.000497225
103,6868.67,0.44253,0.43035,0.27586,0.00341,0.17506,0.91946,0.92445,0.94838,0.90629,0.9137,0.91815,0.94119,0.83537,0.25035,0.69417,0.2616,0.0036,0,0.000489452,0.000489452,0.000489452
104,6933.96,0.43579,0.4267,0.28228,0.00325,0.18601,0.90188,0.94551,0.94838,0.90214,0.91318,0.92561,0.94408,0.83218,0.252,0.70127,0.25703,0.00383,0,0.000481682,0.000481682,0.000481682
105,7000.07,0.43572,0.43895,0.28503,0.00333,0.18731,0.92423,0.91437,0.94202,0.89543,0.91558,0.90287,0.93183,0.82219,0.26016,0.59563,0.26265,0.00389,0,0.000473919,0.000473919,0.000473919
106,7066.91,0.44439,0.4424,0.27792,0.0033,0.18251,0.89822,0.92209,0.94292,0.89199,0.88988,0.913,0.93215,0.82415,0.25786,0.61934,0.25553,0.00395,0,0.000466163,0.000466163,0.000466163
107,7134.5,0.43598,0.42709,0.27759,0.0033,0.1806,0.90781,0.93336,0.94937,0.90341,0.89709,0.92211,0.93572,0.82888,0.25313,0.67334,0.24974,0.00386,0,0.000458416,0.000458416,0.000458416
108,7202.33,0.427,0.41607,0.26006,0.00328,0.16685,0.91481,0.92899,0.94336,0.89627,0.90631,0.91982,0.93226,0.82368,0.25639,0.72444,0.28277,0.00382,0,0.000450682,0.000450682,0.000450682
109,7270,0.4376,0.42347,0.26885,0.00328,0.16318,0.91781,0.92713,0.94583,0.90234,0.90941,0.91832,0.93828,0.82803,0.25257,0.59909,0.24438,0.0038,0,0.00044296,0.00044296,0.00044296
110,7334.39,0.42058,0.41821,0.26352,0.00323,0.16567,0.89987,0.90422,0.94202,0.89805,0.86453,0.92482,0.93271,0.8249,0.25425,0.49211,0.26312,0.00381,0,0.000435254,0.000435254,0.000435254
111,7399.7,0.42282,0.42707,0.27112,0.00327,0.166,0.9136,0.93474,0.95165,0.90782,0.90544,0.92612,0.94323,0.83655,0.23956,0.61049,0.26827,0.00361,0,0.000427565,0.000427565,0.000427565
112,7465.99,0.42573,0.43191,0.27307,0.00327,0.1768,0.92106,0.93365,0.9513,0.91041,0.91298,0.92636,0.93955,0.83685,0.25216,0.4243,0.25516,0.00389,0,0.000419895,0.000419895,0.000419895
113,7530.08,0.42153,0.40609,0.26935,0.00324,0.17178,0.92126,0.93187,0.94615,0.90771,0.91084,0.92479,0.93809,0.83069,0.24486,0.55843,0.25974,0.00372,0,0.000412246,0.000412246,0.000412246
114,7594.95,0.42567,0.42739,0.27051,0.00328,0.15686,0.92049,0.93811,0.94663,0.9078,0.91209,0.92899,0.93543,0.82995,0.2324,0.55394,0.26363,0.0035,0,0.00040462,0.00040462,0.00040462
115,7659.79,0.42609,0.40435,0.26181,0.00327,0.15179,0.89313,0.93186,0.94583,0.90474,0.88679,0.92557,0.93972,0.83124,0.24865,0.43712,0.25072,0.0038,0,0.000397019,0.000397019,0.000397019
116,7726.79,0.41864,0.41663,0.26233,0.00309,0.1575,0.90994,0.91806,0.94141,0.90195,0.90412,0.91193,0.93381,0.82566,0.25002,0.55218,0.24621,0.00381,0,0.000389445,0.000389445,0.000389445
117,7793.06,0.40874,0.41656,0.25276,0.00321,0.1454,0.89685,0.9221,0.94259,0.89923,0.90871,0.89522,0.9348,0.82632,0.24274,0.54363,0.25886,0.00367,0,0.000381899,0.000381899,0.000381899
118,7858.85,0.41348,0.39045,0.24832,0.00313,0.14922,0.90396,0.9463,0.94588,0.90682,0.90203,0.92646,0.93561,0.83282,0.2473,0.55188,0.2351,0.00379,0,0.000374383,0.000374383,0.000374383
119,7925.05,0.41809,0.38993,0.26078,0.00311,0.15153,0.92065,0.92804,0.94765,0.90375,0.9123,0.91908,0.93215,0.82191,0.2424,0.68398,0.2713,0.00372,0,0.000366899,0.000366899,0.000366899
120,7991.33,0.41061,0.40803,0.25038,0.00312,0.16316,0.92007,0.94266,0.94838,0.90953,0.92869,0.91728,0.94117,0.8399,0.24187,0.58531,0.24881,0.00365,0,0.00035945,0.00035945,0.00035945
121,8057.32,0.40714,0.38777,0.24667,0.00303,0.16423,0.91399,0.93438,0.94512,0.9057,0.9056,0.92521,0.93677,0.8304,0.23811,0.57308,0.24585,0.00353,0,0.000352037,0.000352037,0.000352037
122,8124.11,0.40836,0.39564,0.2525,0.00306,0.15278,0.92338,0.93022,0.94925,0.91046,0.91491,0.92115,0.94003,0.83631,0.23954,0.57072,0.23258,0.00354,0,0.000344661,0.000344661,0.000344661
123,8189.49,0.41525,0.37688,0.26623,0.00314,0.18461,0.92045,0.93583,0.94608,0.90643,0.91306,0.92666,0.93865,0.83447,0.24321,0.74715,0.26519,0.00354,0,0.000337325,0.000337325,0.000337325
124,8256.12,0.41268,0.4006,0.25572,0.00305,0.15756,0.92512,0.91899,0.94262,0.90395,0.91907,0.9127,0.93372,0.83,0.23681,0.57265,0.25471,0.00347,0,0.00033003,0.00033003,0.00033003
125,8320.13,0.41059,0.41583,0.26651,0.00314,0.17482,0.90721,0.92666,0.9466,0.90874,0.90136,0.92037,0.93757,0.83159,0.23443,0.76976,0.24692,0.00346,0,0.000322778,0.000322778,0.000322778
126,8385.5,0.40436,0.39677,0.25281,0.00299,0.14238,0.91001,0.92954,0.94982,0.91172,0.90811,0.9194,0.94279,0.83656,0.23632,0.60128,0.22753,0.00355,0,0.000315572,0.000315572,0.000315572
127,8451.45,0.41424,0.4119,0.25484,0.00312,0.15285,0.92508,0.92256,0.95342,0.91249,0.91668,0.91399,0.94193,0.83256,0.23855,0.54039,0.25214,0.00353,0,0.000308412,0.000308412,0.000308412
128,8516.74,0.40025,0.38372,0.24341,0.00303,0.15002,0.90903,0.93055,0.94929,0.90814,0.90331,0.92426,0.93924,0.82951,0.23559,0.53035,0.25434,0.00361,0,0.0003013,0.0003013,0.0003013
129,8585.64,0.4122,0.39545,0.25708,0.00313,0.14432,0.91293,0.93474,0.95323,0.91064,0.90482,0.92612,0.94229,0.83594,0.23792,0.51678,0.24065,0.00355,0,0.000294239,0.000294239,0.000294239
130,8656.78,0.39629,0.40276,0.24253,0.00295,0.14151,0.89005,0.94601,0.94534,0.90686,0.88444,0.93979,0.93956,0.83458,0.23513,0.52676,0.24897,0.00344,0,0.00028723,0.00028723,0.00028723
131,8727.7,0.39851,0.40289,0.24444,0.00289,0.13287,0.90243,0.93208,0.94554,0.90515,0.89666,0.92578,0.93989,0.83803,0.24397,0.53569,0.24935,0.00366,0,0.000280275,0.000280275,0.000280275
132,8797.74,0.40352,0.3853,0.24214,0.00294,0.14122,0.87764,0.95895,0.94514,0.90435,0.88993,0.92561,0.93695,0.83132,0.23989,0.53162,0.26369,0.00368,0,0.000273375,0.000273375,0.000273375
133,8865.67,0.39839,0.41268,0.23879,0.0029,0.14789,0.91502,0.9375,0.94956,0.90795,0.9068,0.92888,0.93858,0.8307,0.23878,0.51254,0.24042,0.0036,0,0.000266532,0.000266532,0.000266532
134,8938.18,0.4029,0.3947,0.23708,0.00295,0.14882,0.90604,0.93426,0.94428,0.90605,0.90027,0.92799,0.93704,0.82928,0.23752,0.56892,0.25741,0.00348,0,0.000259748,0.000259748,0.000259748
135,9016.25,0.39961,0.40599,0.24426,0.00301,0.15344,0.92252,0.91877,0.94489,0.90785,0.91448,0.91266,0.93795,0.83014,0.23106,0.52861,0.26111,0.00342,0,0.000253024,0.000253024,0.000253024
136,9096.14,0.39858,0.38679,0.23471,0.00298,0.14573,0.93071,0.92101,0.94867,0.91057,0.92452,0.91491,0.94228,0.84052,0.23589,0.53354,0.25658,0.0035,0,0.000246363,0.000246363,0.000246363
137,9174.2,0.39233,0.37464,0.23944,0.00294,0.15675,0.92092,0.93674,0.94798,0.90862,0.91478,0.93065,0.94198,0.83222,0.23972,0.52406,0.24788,0.00361,0,0.000239766,0.000239766,0.000239766
138,9241.3,0.3959,0.38678,0.24862,0.00301,0.15061,0.91532,0.93419,0.9474,0.91002,0.90946,0.92789,0.94021,0.83258,0.23293,0.51934,0.25173,0.00339,0,0.000233234,0.000233234,0.000233234
139,9310.43,0.39494,0.38074,0.23128,0.00289,0.1356,0.9074,0.94474,0.9485,0.90977,0.90181,0.93845,0.94171,0.83386,0.23323,0.53214,0.2448,0.00334,0,0.000226769,0.000226769,0.000226769
140,9379.46,0.3919,0.37509,0.23259,0.00295,0.12725,0.92727,0.9316,0.94737,0.9076,0.92131,0.92535,0.93998,0.83109,0.23354,0.58604,0.25228,0.00338,0,0.000220372,0.000220372,0.000220372
141,9446.47,0.38446,0.39781,0.23293,0.00287,0.13721,0.91146,0.94856,0.94684,0.90882,0.90632,0.9414,0.94104,0.8364,0.22652,0.54178,0.24695,0.00323,0,0.000214046,0.000214046,0.000214046
142,9514.54,0.39094,0.38178,0.23171,0.00291,0.13684,0.89976,0.93911,0.9398,0.90143,0.89416,0.93282,0.933,0.82696,0.22879,0.592,0.26138,0.00318,0,0.000207792,0.000207792,0.000207792
143,9583.61,0.39257,0.39064,0.23363,0.00292,0.13041,0.90819,0.92633,0.94198,0.90496,0.90213,0.92025,0.93439,0.8299,0.22385,0.57845,0.25518,0.00317,0,0.000201611,0.000201611,0.000201611
144,9652.1,0.38839,0.37597,0.23332,0.00293,0.13733,0.91748,0.92898,0.94263,0.90791,0.91175,0.92264,0.93585,0.83049,0.23097,0.58086,0.23807,0.00337,0,0.000195505,0.000195505,0.000195505
145,9719.91,0.38612,0.3761,0.22825,0.00286,0.13729,0.92236,0.93545,0.94476,0.90971,0.91702,0.92844,0.93853,0.83266,0.23139,0.59176,0.2367,0.0034,0,0.000189475,0.000189475,0.000189475
146,9786.43,0.37977,0.36427,0.22392,0.00279,0.12382,0.93023,0.92612,0.94663,0.90934,0.92367,0.91982,0.94089,0.83808,0.23581,0.60164,0.23188,0.00339,0,0.000183523,0.000183523,0.000183523
147,9852.61,0.38434,0.361,0.22115,0.0028,0.1303,0.92534,0.91895,0.95027,0.91513,0.91934,0.91265,0.94375,0.83875,0.22661,0.60015,0.23637,0.00328,0,0.000177651,0.000177651,0.000177651
148,9918.4,0.38203,0.37415,0.22376,0.00278,0.12694,0.92155,0.92758,0.946,0.90766,0.91557,0.92128,0.93969,0.83491,0.22432,0.60291,0.21501,0.00327,0,0.000171859,0.000171859,0.000171859
149,9987.23,0.38237,0.38426,0.23328,0.00286,0.12905,0.92115,0.92379,0.94521,0.90809,0.91469,0.91786,0.93846,0.832,0.22793,0.61675,0.22745,0.00335,0,0.000166149,0.000166149,0.000166149
150,10055.1,0.38588,0.39048,0.2237,0.00275,0.13008,0.89996,0.93856,0.94592,0.9112,0.89423,0.93234,0.94013,0.83321,0.22851,0.62752,0.23236,0.00334,0,0.000160523,0.000160523,0.000160523
151,10124.5,0.38949,0.38081,0.22772,0.00276,0.12528,0.92185,0.92107,0.94823,0.91451,0.91587,0.91478,0.94195,0.83781,0.23053,0.6109,0.22941,0.0033,0,0.000154982,0.000154982,0.000154982
152,10191,0.38751,0.3882,0.223,0.00279,0.12492,0.92302,0.91787,0.94662,0.91285,0.91672,0.91168,0.94009,0.83343,0.2247,0.59911,0.2367,0.00322,0,0.000149527,0.000149527,0.000149527
153,10258.8,0.38099,0.35835,0.22285,0.00279,0.131,0.91344,0.92612,0.9443,0.91023,0.90734,0.92007,0.93855,0.82877,0.22662,0.59473,0.25561,0.00331,0,0.000144161,0.000144161,0.000144161
154,10325,0.37724,0.34961,0.21823,0.0028,0.13037,0.92597,0.92706,0.948,0.91402,0.91987,0.92111,0.94174,0.8322,0.23171,0.61032,0.2357,0.00342,0,0.000138883,0.000138883,0.000138883
155,10391.1,0.379,0.35357,0.21501,0.0028,0.12438,0.92536,0.93156,0.94809,0.91533,0.9195,0.92558,0.94263,0.83583,0.22544,0.60859,0.2227,0.00329,0,0.000133695,0.000133695,0.000133695
156,10456.2,0.37676,0.36609,0.21537,0.00275,0.13312,0.92748,0.91804,0.9483,0.91484,0.92112,0.91175,0.94269,0.8386,0.2222,0.59355,0.25013,0.00328,0,0.000128599,0.000128599,0.000128599
157,10524.1,0.38388,0.37612,0.22457,0.00278,0.12801,0.91397,0.933,0.94626,0.91149,0.90819,0.9267,0.93898,0.83258,0.227,0.58516,0.24965,0.00333,0,0.000123596,0.000123596,0.000123596
158,10589.4,0.38743,0.37838,0.22826,0.00277,0.13268,0.91669,0.92701,0.94449,0.90923,0.91062,0.92088,0.93759,0.82947,0.22829,0.58369,0.25126,0.00331,0,0.000118687,0.000118687,0.000118687
159,10653.2,0.38305,0.36105,0.22387,0.00282,0.13084,0.91199,0.9365,0.94367,0.90765,0.90191,0.92762,0.93573,0.82864,0.22382,0.59447,0.26105,0.00326,0,0.000113873,0.000113873,0.000113873
160,10716.2,0.37196,0.37699,0.21971,0.00273,0.133,0.91769,0.93186,0.94372,0.90777,0.90912,0.92269,0.93539,0.8301,0.22663,0.59785,0.25848,0.00335,0,0.000109156,0.000109156,0.000109156
161,10781.7,0.37424,0.3726,0.22076,0.00272,0.12435,0.92065,0.9294,0.94584,0.91039,0.9148,0.9231,0.93969,0.83394,0.21993,0.60596,0.25373,0.0032,0,0.000104537,0.000104537,0.000104537
162,10848.3,0.37608,0.36441,0.22324,0.00274,0.13782,0.9171,0.93526,0.94506,0.90877,0.91073,0.93132,0.93849,0.83128,0.22652,0.60617,0.24871,0.00327,0,0.000100016,0.000100016,0.000100016
163,10915.4,0.38202,0.37315,0.22353,0.00271,0.12242,0.91881,0.93689,0.949,0.91161,0.913,0.93084,0.94152,0.83303,0.22423,0.60903,0.24815,0.00326,0,9.55951e-05,9.55951e-05,9.55951e-05
164,10982.5,0.3735,0.37412,0.22119,0.00269,0.12038,0.91682,0.93481,0.94818,0.91164,0.91092,0.92855,0.94032,0.83444,0.22408,0.60567,0.24956,0.00326,0,9.12754e-05,9.12754e-05,9.12754e-05
165,11050.6,0.37099,0.37866,0.21628,0.0027,0.12757,0.91658,0.93012,0.94832,0.91224,0.90798,0.92095,0.94027,0.83574,0.22343,0.61083,0.24887,0.00328,0,8.70577e-05,8.70577e-05,8.70577e-05
166,11117.5,0.38061,0.37218,0.22043,0.00279,0.1279,0.91265,0.93502,0.94992,0.91502,0.90414,0.92618,0.94292,0.83958,0.22508,0.61978,0.24022,0.00331,0,8.29431e-05,8.29431e-05,8.29431e-05
167,11182.4,0.37715,0.36619,0.21732,0.00294,0.12376,0.91088,0.94145,0.948,0.9119,0.90622,0.93509,0.94093,0.83717,0.22369,0.61942,0.24852,0.00328,0,7.89327e-05,7.89327e-05,7.89327e-05
168,11247.2,0.37575,0.37044,0.21225,0.00265,0.12635,0.90179,0.94387,0.94433,0.90845,0.9092,0.9175,0.93746,0.83142,0.22333,0.61996,0.25337,0.00326,0,7.50274e-05,7.50274e-05,7.50274e-05
169,11312.8,0.38084,0.36002,0.21935,0.00272,0.11935,0.92223,0.93093,0.94683,0.91037,0.91633,0.92468,0.94079,0.83587,0.22386,0.61759,0.24229,0.00326,0,7.12282e-05,7.12282e-05,7.12282e-05
170,11377.7,0.36912,0.35074,0.21216,0.00274,0.11488,0.92643,0.93133,0.94439,0.90798,0.92064,0.92512,0.93804,0.8338,0.22219,0.61315,0.25448,0.00325,0,6.7536e-05,6.7536e-05,6.7536e-05
171,11445.4,0.37549,0.37175,0.21468,0.00265,0.11955,0.92417,0.93009,0.94307,0.90721,0.91822,0.92379,0.93658,0.83276,0.22201,0.60944,0.25664,0.00323,0,6.39518e-05,6.39518e-05,6.39518e-05
172,11511.9,0.37221,0.35935,0.22442,0.00276,0.14613,0.91568,0.92721,0.94318,0.90857,0.90977,0.92092,0.93749,0.83299,0.22113,0.61263,0.24819,0.00325,0,6.04763e-05,6.04763e-05,6.04763e-05
173,11576.8,0.3685,0.35333,0.21543,0.00268,0.12301,0.91837,0.92953,0.94207,0.90717,0.9125,0.92326,0.93636,0.8332,0.22183,0.61619,0.25625,0.00323,0,5.71106e-05,5.71106e-05,5.71106e-05
174,11644.2,0.3693,0.37382,0.21416,0.00259,0.11623,0.92547,0.91928,0.94289,0.90807,0.9195,0.91298,0.93622,0.83352,0.22157,0.61607,0.25886,0.00323,0,5.38554e-05,5.38554e-05,5.38554e-05
175,11708.4,0.36773,0.36191,0.2072,0.00266,0.12366,0.92332,0.92721,0.94541,0.91029,0.91749,0.92092,0.9401,0.83464,0.22061,0.6233,0.24492,0.0032,0,5.07115e-05,5.07115e-05,5.07115e-05
176,11773.3,0.36813,0.36814,0.2126,0.00265,0.12718,0.903,0.93833,0.94556,0.91084,0.90366,0.92312,0.94013,0.83489,0.22002,0.62014,0.24951,0.00318,0,4.76796e-05,4.76796e-05,4.76796e-05
177,11836.8,0.36443,0.37171,0.20597,0.00264,0.11226,0.90258,0.94215,0.94608,0.91084,0.90534,0.92612,0.94079,0.83773,0.21924,0.61795,0.25214,0.00319,0,4.47606e-05,4.47606e-05,4.47606e-05
178,11902,0.36234,0.35089,0.20896,0.00262,0.11887,0.89532,0.9431,0.94099,0.90695,0.91535,0.90995,0.93756,0.83168,0.21921,0.61719,0.25441,0.00319,0,4.19552e-05,4.19552e-05,4.19552e-05
179,11967.3,0.36612,0.36025,0.20979,0.00264,0.12419,0.90284,0.93689,0.94108,0.90606,0.89718,0.93071,0.93764,0.82969,0.22046,0.61939,0.25794,0.00318,0,3.9264e-05,3.9264e-05,3.9264e-05
180,12031.6,0.37056,0.35292,0.21326,0.00266,0.12871,0.91852,0.92505,0.93768,0.90315,0.91227,0.919,0.93307,0.8268,0.22123,0.61541,0.25635,0.00321,0,3.66877e-05,3.66877e-05,3.66877e-05
181,12097.8,0.37084,0.34208,0.2124,0.00267,0.12024,0.91942,0.92666,0.93746,0.90232,0.91348,0.92037,0.93261,0.82453,0.22125,0.61852,0.26264,0.00319,0,3.4227e-05,3.4227e-05,3.4227e-05
182,12161.9,0.36076,0.34868,0.20668,0.00263,0.1247,0.92507,0.92379,0.94163,0.90643,0.9191,0.9175,0.93416,0.82873,0.22181,0.61971,0.2553,0.00322,0,3.18825e-05,3.18825e-05,3.18825e-05
183,12228,0.36996,0.38062,0.21017,0.00262,0.12873,0.92308,0.92092,0.94016,0.90429,0.91707,0.91462,0.93373,0.82864,0.22157,0.62234,0.25668,0.0032,0,2.96546e-05,2.96546e-05,2.96546e-05
184,12293.8,0.36633,0.35213,0.2134,0.00262,0.12247,0.92302,0.92379,0.94188,0.90896,0.91703,0.9175,0.93589,0.83099,0.22107,0.62055,0.25619,0.00322,0,2.75441e-05,2.75441e-05,2.75441e-05
185,12358.6,0.36347,0.381,0.21343,0.00259,0.12788,0.93034,0.92049,0.94186,0.90831,0.92181,0.91481,0.93568,0.83006,0.22217,0.61857,0.25351,0.00324,0,2.55513e-05,2.55513e-05,2.55513e-05
186,12423.2,0.37072,0.35909,0.21357,0.00272,0.12046,0.92464,0.92122,0.94114,0.90696,0.91866,0.91493,0.93481,0.82943,0.22221,0.61241,0.25404,0.00324,0,2.36769e-05,2.36769e-05,2.36769e-05
187,12487.5,0.36189,0.35045,0.21026,0.00263,0.1149,0.92733,0.91676,0.94037,0.90605,0.91872,0.90885,0.93396,0.82892,0.22123,0.60938,0.25617,0.0032,0,2.19212e-05,2.19212e-05,2.19212e-05
188,12551.5,0.37396,0.36147,0.2161,0.00269,0.12225,0.92426,0.92301,0.94015,0.90612,0.91829,0.91671,0.93406,0.82867,0.22197,0.60974,0.25737,0.00323,0,2.02847e-05,2.02847e-05,2.02847e-05
189,12616.2,0.36712,0.36669,0.21543,0.0027,0.11826,0.9204,0.92185,0.93958,0.90559,0.91448,0.91588,0.9335,0.82823,0.22177,0.60906,0.2588,0.0032,0,1.87678e-05,1.87678e-05,1.87678e-05
190,12681.2,0.36456,0.34996,0.21041,0.00263,0.11341,0.92025,0.92379,0.9396,0.90565,0.91436,0.9175,0.93358,0.82876,0.22065,0.60935,0.25737,0.00321,0,1.73709e-05,1.73709e-05,1.73709e-05
191,12745.7,0.29286,0.32673,0.17416,0.00346,0.08951,0.9025,0.93985,0.93631,0.90072,0.8969,0.92908,0.93204,0.82657,0.22501,0.62476,0.26606,0.0033,0,1.60943e-05,1.60943e-05,1.60943e-05
192,12811.3,0.29118,0.30779,0.16942,0.00332,0.0747,0.91036,0.92712,0.93744,0.90012,0.90478,0.91762,0.93173,0.82808,0.22581,0.64367,0.26219,0.00334,0,1.49383e-05,1.49383e-05,1.49383e-05
193,12875.4,0.2956,0.31575,0.16031,0.00336,0.07445,0.9048,0.93584,0.93692,0.89831,0.90842,0.91073,0.93101,0.82809,0.22762,0.65357,0.2643,0.00334,0,1.39032e-05,1.39032e-05,1.39032e-05
194,12940,0.29106,0.31692,0.16017,0.00319,0.0799,0.90452,0.93362,0.93569,0.89638,0.89911,0.9235,0.93011,0.82615,0.22649,0.65815,0.26983,0.00331,0,1.29893e-05,1.29893e-05,1.29893e-05
195,13002.9,0.29661,0.31647,0.16257,0.00343,0.06744,0.90943,0.93088,0.93476,0.89518,0.9024,0.92269,0.92904,0.82443,0.22628,0.66037,0.26945,0.0033,0,1.21968e-05,1.21968e-05,1.21968e-05
196,13065.4,0.2909,0.32468,0.15519,0.00344,0.0684,0.90469,0.93399,0.93523,0.89565,0.9041,0.92144,0.92967,0.82491,0.22809,0.6618,0.2647,0.00331,0,1.15259e-05,1.15259e-05,1.15259e-05
